item_id,platform,item_title,url,publication_date,review_status,material_examined,associated_projects,limitation,content_type,duration,reviewed_as_of,date_basis,transcript_status
ITEM-a268433ad46e,GitHub,c5-wardriver,https://github.com/NSM-Barii/c5-wardriver,2026-07-24,fully reviewed,Repository metadata; empty Git reference listing,c5-wardriver,Empty repository at review time; no implementation to assess.,repository,,2026-09-06,repository_created_at,not_applicable
ITEM-ca0cc349e733,GitHub,ble_shark,https://github.com/NSM-Barii/ble_shark,2026-07-24,partially reviewed,Repository metadata; available README; file tree; recent commit subjects; issues/PR listing and release metadata,ble_shark,Selective documentation and source review; full linked history not exhausted; no runtime testing.,repository,,2026-09-06,repository_created_at,not_applicable
ITEM-eca0ac68323c,GitHub,Ezra,https://github.com/NSM-Barii/Ezra,2026-06-08,partially reviewed,Repository metadata; available README; file tree; recent commit subjects; issues/PR listing and release metadata,Ezra,Selective documentation and source review; full linked history not exhausted; no runtime testing.,repository,,2026-09-06,repository_created_at,not_applicable
ITEM-697ecab5d2e4,GitHub,router_tp_link,https://github.com/NSM-Barii/router_tp_link,2026-06-04,partially reviewed,Repository metadata; available README; file tree; recent commit subjects; issues/PR listing and release metadata,router_tp_link,Selective documentation and source review; full linked history not exhausted; no runtime testing.,repository,,2026-09-06,repository_created_at,not_applicable
ITEM-d1739f339cdf,GitHub,nsm-barii,https://github.com/NSM-Barii/nsm-barii,2026-06-03,partially reviewed,Repository metadata; available README; file tree; recent commit subjects; issues/PR listing and release metadata,nsm-barii,Selective documentation and source review; full linked history not exhausted; no runtime testing.,repository,,2026-09-06,repository_created_at,not_applicable
ITEM-84434a850dc8,GitHub,Dooku,https://github.com/NSM-Barii/Dooku,2026-05-22,partially reviewed,Repository metadata; available README; file tree; recent commit subjects; issues/PR listing and release metadata,Dooku,Selective documentation and source review; full linked history not exhausted; no runtime testing.,repository,,2026-09-06,repository_created_at,not_applicable
ITEM-1b900bed51d3,GitHub,black_america,https://github.com/NSM-Barii/black_america,2026-05-17,partially reviewed,Repository metadata; available README; file tree; recent commit subjects; issues/PR listing and release metadata,black_america,Selective documentation and source review; full linked history not exhausted; no runtime testing.,repository,,2026-09-06,repository_created_at,not_applicable
ITEM-3b18002f6a2d,GitHub,flock-down,https://github.com/NSM-Barii/flock-down,2026-04-30,partially reviewed,Repository metadata; available README; file tree; recent commit subjects; issues/PR listing and release metadata,flock-down,Selective documentation and source review; full linked history not exhausted; no runtime testing.,repository,,2026-09-06,repository_created_at,not_applicable
ITEM-f4fba5536fab,GitHub,Yoda-Jr,https://github.com/NSM-Barii/Yoda-Jr,2026-04-08,partially reviewed,Repository metadata; available README; file tree; recent commit subjects; issues/PR listing and release metadata,Yoda-Jr,Selective documentation and source review; full linked history not exhausted; no runtime testing.,fork,,2026-09-06,repository_created_at,not_applicable
ITEM-6bc9dfa3ca38,GitHub,Maul,https://github.com/NSM-Barii/Maul,2026-03-06,partially reviewed,Repository metadata; available README; file tree; recent commit subjects; issues/PR listing and release metadata,Maul,Selective documentation and source review; full linked history not exhausted; no runtime testing.,repository,,2026-09-06,repository_created_at,not_applicable
ITEM-dca5ec61a5a1,GitHub,Vader,https://github.com/NSM-Barii/Vader,2026-02-22,partially reviewed,Repository metadata; available README; file tree; recent commit subjects; issues/PR listing and release metadata,Vader,Selective documentation and source review; full linked history not exhausted; no runtime testing.,repository,,2026-09-06,repository_created_at,not_applicable
ITEM-255a2c6dcc17,GitHub,wicon,https://github.com/NSM-Barii/wicon,2026-02-08,partially reviewed,Repository metadata; available README; file tree; recent commit subjects; issues/PR listing and release metadata,wicon,Selective documentation and source review; full linked history not exhausted; no runtime testing.,repository,,2026-09-06,repository_created_at,not_applicable
ITEM-d83432dbe4a3,GitHub,Bluehound,https://github.com/NSM-Barii/Bluehound,2026-01-30,partially reviewed,Repository metadata; available README; file tree; recent commit subjects; issues/PR listing and release metadata,Bluehound,Selective documentation and source review; full linked history not exhausted; no runtime testing.,repository,,2026-09-06,repository_created_at,not_applicable
ITEM-e567a8ae73cb,GitHub,ip-camera-exposed-telnet,https://github.com/NSM-Barii/ip-camera-exposed-telnet,2026-01-20,partially reviewed,Repository metadata; available README; file tree; recent commit subjects; issues/PR listing and release metadata,ip-camera-exposed-telnet,Selective documentation and source review; full linked history not exhausted; no runtime testing.,repository,,2026-09-06,repository_created_at,not_applicable
ITEM-9f5d3e73c4f3,GitHub,ble-smartplug-improper-access-control,https://github.com/NSM-Barii/ble-smartplug-improper-access-control,2025-12-29,partially reviewed,Repository metadata; available README; file tree; recent commit subjects; issues/PR listing and release metadata,ble-smartplug-improper-access-control,Selective documentation and source review; full linked history not exhausted; no runtime testing.,repository,,2026-09-06,repository_created_at,not_applicable
ITEM-3a1dbc03d71b,GitHub,ble-smartlock-bypass-dos,https://github.com/NSM-Barii/ble-smartlock-bypass-dos,2025-12-25,partially reviewed,Repository metadata; available README; file tree; recent commit subjects; issues/PR listing and release metadata,ble-smartlock-bypass-dos,Selective documentation and source review; full linked history not exhausted; no runtime testing.,repository,,2026-09-06,repository_created_at,not_applicable
ITEM-7a4e776cc183,GitHub,CVE-2025-15474,https://github.com/NSM-Barii/CVE-2025-15474,2025-12-24,partially reviewed,Repository metadata; available README; file tree; recent commit subjects; issues/PR listing and release metadata,CVE-2025-15474,Selective documentation and source review; full linked history not exhausted; no runtime testing.,repository,,2026-09-06,repository_created_at,not_applicable
ITEM-23b384a16094,GitHub,framework,https://github.com/NSM-Barii/framework,2025-12-16,partially reviewed,Repository metadata; available README; file tree; recent commit subjects; issues/PR listing and release metadata,framework,Selective documentation and source review; full linked history not exhausted; no runtime testing.,repository,,2026-09-06,repository_created_at,not_applicable
ITEM-57ac607d3aef,GitHub,flock-back,https://github.com/NSM-Barii/flock-back,2025-11-28,partially reviewed,Repository metadata; available README; file tree; recent commit subjects; issues/PR listing and release metadata,flock-back,Selective documentation and source review; full linked history not exhausted; no runtime testing.,repository,,2026-09-06,repository_created_at,not_applicable
ITEM-ed909be65610,GitHub,Yoda,https://github.com/NSM-Barii/Yoda,2025-08-02,partially reviewed,Repository metadata; available README; file tree; recent commit subjects; issues/PR listing and release metadata,Yoda,Selective documentation and source review; full linked history not exhausted; no runtime testing.,repository,,2026-09-06,repository_created_at,not_applicable
ITEM-1103eb560db6,GitHub,NetVuln-2.0,https://github.com/NSM-Barii/NetVuln-2.0,2025-05-26,partially reviewed,Repository metadata; available README; file tree; recent commit subjects; issues/PR listing and release metadata,NetVuln-2.0,Selective documentation and source review; full linked history not exhausted; no runtime testing.,repository,,2026-09-06,repository_created_at,not_applicable
ITEM-9a77802a0a83,GitHub,NetBooter-2.0,https://github.com/NSM-Barii/NetBooter-2.0,2025-05-09,partially reviewed,Repository metadata; available README; file tree; recent commit subjects; issues/PR listing and release metadata,NetBooter-2.0,Selective documentation and source review; full linked history not exhausted; no runtime testing.,repository,,2026-09-06,repository_created_at,not_applicable
ITEM-fd116f163554,GitHub,NetCracker,https://github.com/NSM-Barii/NetCracker,2025-04-16,partially reviewed,Repository metadata; available README; file tree; recent commit subjects; issues/PR listing and release metadata,NetCracker,Selective documentation and source review; full linked history not exhausted; no runtime testing.,repository,,2026-09-06,repository_created_at,not_applicable
ITEM-9f8a514013ff,GitHub,NetSpeed,https://github.com/NSM-Barii/NetSpeed,2025-03-11,partially reviewed,Repository metadata; available README; file tree; recent commit subjects; issues/PR listing and release metadata,NetSpeed,Selective documentation and source review; full linked history not exhausted; no runtime testing.,repository,,2026-09-06,repository_created_at,not_applicable
ITEM-59b809760b52,GitHub,NetSniffer,https://github.com/NSM-Barii/NetSniffer,2025-03-11,partially reviewed,Repository metadata; available README; file tree; recent commit subjects; issues/PR listing and release metadata,NetSniffer,Selective documentation and source review; full linked history not exhausted; no runtime testing.,repository,,2026-09-06,repository_created_at,not_applicable
ITEM-a798574c5a93,GitHub,NetBruter,https://github.com/NSM-Barii/NetBruter,2025-02-07,partially reviewed,Repository metadata; available README; file tree; recent commit subjects; issues/PR listing and release metadata,NetBruter,Selective documentation and source review; full linked history not exhausted; no runtime testing.,repository,,2026-09-06,repository_created_at,not_applicable
ITEM-153e2cd84c88,GitHub,NetAlert-2.0,https://github.com/NSM-Barii/NetAlert-2.0,2025-02-06,partially reviewed,Repository metadata; available README; file tree; recent commit subjects; issues/PR listing and release metadata,NetAlert-2.0,Selective documentation and source review; full linked history not exhausted; no runtime testing.,repository,,2026-09-06,repository_created_at,not_applicable
ITEM-7f2d6e3374e8,GitHub,NetVuln,https://github.com/NSM-Barii/NetVuln,2024-11-21,partially reviewed,Repository metadata; available README; file tree; recent commit subjects; issues/PR listing and release metadata,NetVuln,Selective documentation and source review; full linked history not exhausted; no runtime testing.,repository,,2026-09-06,repository_created_at,not_applicable
ITEM-d504c4ea5fdd,YouTube,Creating a Jamming Detection System,https://www.youtube.com/watch?v=7OyHeHakheE,2026-08-08,partially reviewed,"Full available transcript read (auto-generated, observed in player); page details inspected",Yoda,"Visual demonstrations, creator-pinned clarifications and linked resources not comprehensively reviewed.",videos,11:59,2026-09-06,source_publication_or_creation_date,fully_read
ITEM-d2b69aed2244,YouTube,How To Kick Devices Offline!,https://www.youtube.com/watch?v=PpAucZ52NSw,2026-05-08,partially reviewed,Full available transcript read (auto-generated); page details inspected,framework; CVE-2025-15474,"Visual demonstrations, creator-pinned clarifications and linked resources not comprehensively reviewed.",videos,6:50,2026-09-06,source_publication_or_creation_date,fully_read
ITEM-898f8cb878a7,YouTube,How Bluetooth Jamming Works!,https://www.youtube.com/watch?v=ekBHVfAHydU,2026-04-25,partially reviewed,Full available transcript read (auto-generated); page details inspected,Bluehound,"Visual demonstrations, creator-pinned clarifications and linked resources not comprehensively reviewed.",videos,6:43,2026-09-06,source_publication_or_creation_date,fully_read
ITEM-9d74783b49b3,YouTube,You’re Being Tracked…,https://www.youtube.com/watch?v=HOf1A88ozNo,2026-04-11,partially reviewed,Full available transcript read (auto-generated); page details inspected,framework; Bluehound,"Visual demonstrations, creator-pinned clarifications and linked resources not comprehensively reviewed.",videos,0:36,2026-09-06,source_publication_or_creation_date,fully_read
ITEM-d6e58da171fb,YouTube,1 Year of Programming Every Day!,https://www.youtube.com/watch?v=w5rLJsXncmw,2025-12-21,partially reviewed,Full available transcript read (auto-generated); page details inspected,NetCracker; Yoda; flock-back,"Visual demonstrations, creator-pinned clarifications and linked resources not comprehensively reviewed.",videos,20:01,2026-09-06,source_publication_or_creation_date,fully_read
ITEM-f11dc98f5415,YouTube,How To Hide From Your ISP!,https://www.youtube.com/watch?v=t2aaVEDBZ34,2025-10-06,partially reviewed,Full available transcript read (auto-generated); page details inspected,,"Visual demonstrations, creator-pinned clarifications and linked resources not comprehensively reviewed.",videos,8:57,2026-09-06,source_publication_or_creation_date,fully_read
ITEM-6a548f97cc9c,YouTube,How I Got My First IT Job,https://www.youtube.com/watch?v=NeaYowtlGPU,2025-09-24,partially reviewed,Full available transcript read (auto-generated); page details inspected,,"Visual demonstrations, creator-pinned clarifications and linked resources not comprehensively reviewed.",videos,8:57,2026-09-06,source_publication_or_creation_date,fully_read
ITEM-c0a8ae99716c,YouTube,How To Make Port Scanner!,https://www.youtube.com/watch?v=gD5j6zYpKzg,2025-07-11,partially reviewed,Full available transcript read (auto-generated); page details inspected,NetVuln-2.0,"Visual demonstrations, creator-pinned clarifications and linked resources not comprehensively reviewed.",videos,13:38,2026-09-06,source_publication_or_creation_date,fully_read
ITEM-df3e8f88b0fb,YouTube,200 Days of Python Programming,https://www.youtube.com/watch?v=ph6newsu3xo,2025-06-02,partially reviewed,Full available transcript read (auto-generated); page details inspected,NetAlert-2.0; NetBooter-2.0; NetVuln-2.0; NetCracker,"Visual demonstrations, creator-pinned clarifications and linked resources not comprehensively reviewed.",videos,15:39,2026-09-06,source_publication_or_creation_date,fully_read
ITEM-f4f0b3333c54,YouTube,How To Crash Your Home Network,https://www.youtube.com/watch?v=7EjrsKzI81o,2025-05-16,partially reviewed,Full available transcript read (auto-generated); page details inspected,NetAlert-2.0,"Visual demonstrations, creator-pinned clarifications and linked resources not comprehensively reviewed.",videos,"6 minutes, 28 seconds",2026-09-06,source_publication_or_creation_date,fully_read
ITEM-e3f54107d427,YouTube,150 Days of Python Programming,https://www.youtube.com/watch?v=wudeiKIpcOI,2025-04-08,partially reviewed,Full available transcript read (auto-generated); page details inspected,NetAlert-2.0; NetBruter; NetSniffer,"Visual demonstrations, creator-pinned clarifications and linked resources not comprehensively reviewed.",videos,"12 minutes, 48 seconds",2026-09-06,source_publication_or_creation_date,fully_read
ITEM-a67cfb003e58,YouTube,How I Got CySA+ in 2 Weeks!,https://www.youtube.com/watch?v=JMKCjrRE9U4,2025-04-01,partially reviewed,Full available transcript read (auto-generated); page details inspected,,"Visual demonstrations, creator-pinned clarifications and linked resources not comprehensively reviewed.",videos,8:56,2026-09-06,source_publication_or_creation_date,fully_read
ITEM-cfbb54e9fb76,YouTube,Python IP Scanner ( How to scan IP's),https://www.youtube.com/watch?v=kg-EOdJet-8,2025-03-14,partially reviewed,Full available transcript read (auto-generated); page details inspected,NetBruter,"Visual demonstrations, creator-pinned clarifications and linked resources not comprehensively reviewed.",videos,7:31,2026-09-06,source_publication_or_creation_date,fully_read
ITEM-35a238d43041,YouTube,How I Got Network+ & Security+ in 1 Month!,https://www.youtube.com/watch?v=59bnpL2K59I,2025-03-06,partially reviewed,Full available transcript read (auto-generated); page details inspected,,"Visual demonstrations, creator-pinned clarifications and linked resources not comprehensively reviewed.",videos,9:08,2026-09-06,source_publication_or_creation_date,fully_read
ITEM-af668e31591d,YouTube,100 Days of Python Programming,https://www.youtube.com/watch?v=KmQQo4xG-LU,2025-02-17,partially reviewed,Full available transcript read (auto-generated); page details inspected,NetAlert-2.0; NetBruter; NetSniffer,"Visual demonstrations, creator-pinned clarifications and linked resources not comprehensively reviewed.",videos,24:49,2026-09-06,source_publication_or_creation_date,fully_read
ITEM-8e007f6bdccf,YouTube,Python nmap Port Scanner! ( BETTER THEN NMAP),https://www.youtube.com/watch?v=DNEvb71kFA4,2025-01-19,partially reviewed,Full available transcript read (auto-generated); page details inspected,NetVuln,"Visual demonstrations, creator-pinned clarifications and linked resources not comprehensively reviewed.",videos,12:12,2026-09-06,source_publication_or_creation_date,fully_read
ITEM-1024b1436a8e,YouTube,60 Days of Python Programming,https://www.youtube.com/watch?v=-hPAT72vwHQ,2025-01-06,partially reviewed,Full available transcript read (authored or unspecified); page details inspected,NetVuln,"Visual demonstrations, creator-pinned clarifications and linked resources not comprehensively reviewed.",videos,13:52,2026-09-06,source_publication_or_creation_date,fully_read
ITEM-913dbaf33e50,YouTube,1 Hour of Coding in 1 Minute,https://www.youtube.com/watch?v=dXljs-eWn3E,2024-12-21,partially reviewed,Page or player details inspected; transcript export attempted,,No transcript obtained; complete playback/visual review remains. Missing transcript may require a later availability check.,videos,3:32,2026-09-06,source_publication_or_creation_date,not_obtained
ITEM-b0db7cc5b3ac,YouTube,30 Days of Python Programming,https://www.youtube.com/watch?v=lh7_GZ6W6Jo,2024-12-14,partially reviewed,Full available transcript read (auto-generated); page details inspected,NetSpeed; NetBooter-2.0,"Visual demonstrations, creator-pinned clarifications and linked resources not comprehensively reviewed.",videos,12:35,2026-09-06,source_publication_or_creation_date,fully_read
ITEM-f64fc3c72f6f,YouTube,My First Week of Python Coding: What I Learned as a Beginner,https://www.youtube.com/watch?v=SPyDKpf3YkQ,2024-12-06,partially reviewed,Full available transcript read (auto-generated); page details inspected,NetBooter-2.0,"Visual demonstrations, creator-pinned clarifications and linked resources not comprehensively reviewed.",videos,8:16,2026-09-06,source_publication_or_creation_date,fully_read
ITEM-ce99eb6cfc9c,YouTube,How I Built a Python Program to Speed Up My Internet!,https://www.youtube.com/watch?v=2eHa2hSzy6M,2024-12-03,partially reviewed,Full available transcript read (auto-generated); page details inspected,NetSpeed,"Visual demonstrations, creator-pinned clarifications and linked resources not comprehensively reviewed.",videos,4:59,2026-09-06,source_publication_or_creation_date,fully_read
ITEM-26400d69b420,YouTube,Creating a Drone Detection System,https://www.youtube.com/shorts/7vSG9y8i2-w,,partially reviewed,Full available transcript read (auto-generated); page details inspected,,"Visual demonstrations, creator-pinned clarifications and linked resources not comprehensively reviewed. Exact publication date not yet captured.",shorts,0:43,2026-09-06,unknown,fully_read
ITEM-c2b735429279,YouTube,How Infrared is used to spy on us!,https://www.youtube.com/shorts/dAo3I5m98eI,2026-08-30,partially reviewed,Full available transcript read (auto-generated); page details inspected,,"Visual demonstrations, creator-pinned clarifications and linked resources not comprehensively reviewed.",shorts,1:29,2026-09-06,source_publication_or_creation_date,fully_read
ITEM-b67cd587edfb,YouTube,The wireless pentesting tool: BLE Shark,https://www.youtube.com/shorts/5t947AOnK5g,2026-07-26,partially reviewed,Full available transcript read (auto-generated); page details inspected,ble_shark,"Visual demonstrations, creator-pinned clarifications and linked resources not comprehensively reviewed.",shorts,0:50,2026-09-06,source_publication_or_creation_date,fully_read
ITEM-b6eb3ab530a8,YouTube,How do RF Channels Work,https://www.youtube.com/shorts/olHiAJvIDHk,2026-07-12,partially reviewed,Full available transcript read (auto-generated); page details inspected,,"Visual demonstrations, creator-pinned clarifications and linked resources not comprehensively reviewed.",shorts,1:51,2026-09-06,source_publication_or_creation_date,fully_read
ITEM-3b1c1c383dac,YouTube,How Jamming Works!,https://www.youtube.com/shorts/8QZFc6pEEiE,2026-06-27,partially reviewed,Full available transcript read (auto-generated); page details inspected,Dooku,"Visual demonstrations, creator-pinned clarifications and linked resources not comprehensively reviewed.",shorts,2:21,2026-09-06,source_publication_or_creation_date,fully_read
ITEM-098325547e3a,YouTube,How To Avoid Flock Cameras,https://www.youtube.com/shorts/y6M_DLEE-Ug,2026-06-18,partially reviewed,Full available transcript read (auto-generated); page details inspected,flock-down; Dooku,"Visual demonstrations, creator-pinned clarifications and linked resources not comprehensively reviewed.",shorts,0:35,2026-09-06,source_publication_or_creation_date,fully_read
ITEM-ddf6ce94a085,YouTube,How mDNS & SSDP can be used to spy on you,https://www.youtube.com/shorts/-zz9vHWfxRk,2026-06-10,partially reviewed,Full available transcript read (auto-generated); page details inspected,Ezra,"Visual demonstrations, creator-pinned clarifications and linked resources not comprehensively reviewed.",shorts,1:53,2026-09-06,source_publication_or_creation_date,fully_read
ITEM-c58440d59d9a,YouTube,FlockDriving Rig #coding #ethicalhacking,https://www.youtube.com/shorts/wyTOf20fJB0,2026-05-24,partially reviewed,Page or player details inspected; transcript export attempted,Dooku,No transcript obtained; complete playback/visual review remains. Missing transcript may require a later availability check.,shorts,0:46,2026-09-06,source_publication_or_creation_date,unavailable_in_inspected_player
ITEM-502febf51e7b,YouTube,RF passive spying #ethicalhacking #coding,https://www.youtube.com/shorts/uNs9aeZixB4,2026-05-19,partially reviewed,Full available transcript read (auto-generated); page details inspected,Yoda,"Visual demonstrations, creator-pinned clarifications and linked resources not comprehensively reviewed.",shorts,1:24,2026-09-06,source_publication_or_creation_date,fully_read
ITEM-d338cf6ce7ef,YouTube,How To Disrupt WiFi,https://www.youtube.com/shorts/wnDFeErO2nc,2026-05-10,partially reviewed,Full available transcript read (auto-generated); page details inspected,framework,"Visual demonstrations, creator-pinned clarifications and linked resources not comprehensively reviewed.",shorts,1:42,2026-09-06,source_publication_or_creation_date,fully_read
ITEM-c6043e64521d,YouTube,Mass Surveillance with AI #coding #ethicalhacking #cybersecurity,https://www.youtube.com/shorts/PHzBr-plKGA,2026-05-01,partially reviewed,Full available transcript read (auto-generated); page details inspected,flock-back,"Visual demonstrations, creator-pinned clarifications and linked resources not comprehensively reviewed.",shorts,0:35,2026-09-06,source_publication_or_creation_date,fully_read
ITEM-7a9319ff0747,YouTube,How Bluetooth Jamming works   #ethicalhacking #coding #cybersecurity,https://www.youtube.com/shorts/Ozs8drNSG8s,2026-04-20,partially reviewed,Full available transcript read (auto-generated); page details inspected,Bluehound,"Visual demonstrations, creator-pinned clarifications and linked resources not comprehensively reviewed.",shorts,0:52,2026-09-06,source_publication_or_creation_date,fully_read
ITEM-9efebfdf1c7e,YouTube,AI Voice Controlled Wireless security system PT. 1 #ethicalhacking #coding,https://www.youtube.com/shorts/QNtxPcRgi5Y,2026-04-12,partially reviewed,Full available transcript read (auto-generated); page details inspected,Yoda; Yoda-Jr,"Visual demonstrations, creator-pinned clarifications and linked resources not comprehensively reviewed.",shorts,0:44,2026-09-06,source_publication_or_creation_date,fully_read
ITEM-334ab878eb47,YouTube,How To Reverse Map an IP to a Domain #ethicalhacking #coding,https://www.youtube.com/shorts/BsEma9GjHFA,2026-03-25,partially reviewed,Full available transcript read (auto-generated); page details inspected,Maul,"Visual demonstrations, creator-pinned clarifications and linked resources not comprehensively reviewed.",shorts,1:07,2026-09-06,source_publication_or_creation_date,fully_read
ITEM-ffd5e4e305bf,YouTube,Mass IP Scanning by Country #techtok #ethicalhacking,https://www.youtube.com/shorts/5sK11pxU6u0,2026-02-28,partially reviewed,Full available transcript read (auto-generated); page details inspected,Vader,"Visual demonstrations, creator-pinned clarifications and linked resources not comprehensively reviewed.",shorts,0:38,2026-09-06,source_publication_or_creation_date,fully_read
ITEM-38e5e540a4fc,YouTube,How to Track Your neighbors #ethicalhacking #coding,https://www.youtube.com/shorts/WaD0YHizoz4,2026-02-18,partially reviewed,Full available transcript read (auto-generated); page details inspected,Bluehound,"Visual demonstrations, creator-pinned clarifications and linked resources not comprehensively reviewed.",shorts,0:51,2026-09-06,source_publication_or_creation_date,fully_read
ITEM-4c294fe466fe,YouTube,How to perform an Evil Twin Attack. #coding #cybersecurity #ethicalhacking,https://www.youtube.com/shorts/OSmh4S1Vv0o,2026-01-13,partially reviewed,Full available transcript read (auto-generated); page details inspected,NetCracker,"Visual demonstrations, creator-pinned clarifications and linked resources not comprehensively reviewed.",shorts,0:32,2026-09-06,source_publication_or_creation_date,fully_read
ITEM-95ce958e2881,YouTube,Why u shouldn’t use Smart Locks #cybersecurity #coding,https://www.youtube.com/shorts/bzBYiiq93Eo,2025-12-26,partially reviewed,Full available transcript read (auto-generated); page details inspected,CVE-2025-15474,"Visual demonstrations, creator-pinned clarifications and linked resources not comprehensively reviewed.",shorts,1:03,2026-09-06,source_publication_or_creation_date,fully_read
ITEM-e9e0636bff3b,YouTube,Finding (AI) Spy Cameras #cybersecurity #coding,https://www.youtube.com/shorts/Xp9W37A9DZw,,partially reviewed,Full available transcript read (auto-generated); page details inspected,flock-back,"Visual demonstrations, creator-pinned clarifications and linked resources not comprehensively reviewed. Exact publication date not yet captured.",shorts,0:28,2026-09-06,unknown,fully_read
ITEM-59cca973b4c0,YouTube,How To Smack Your Neighbor off there WiFi #cybersecurity #coding,https://www.youtube.com/shorts/zU_zIQ8eC_4,,partially reviewed,Full available transcript read (auto-generated); page details inspected,,"Visual demonstrations, creator-pinned clarifications and linked resources not comprehensively reviewed. Exact publication date not yet captured.",shorts,0:43,2026-09-06,unknown,fully_read
ITEM-b5e5997da1a8,YouTube,How To Spy On Your Neighbor. #tech #coding #osint,https://www.youtube.com/shorts/6h998y0YHyM,2025-11-21,partially reviewed,Full available transcript read (auto-generated); page details inspected,NetCracker,"Visual demonstrations, creator-pinned clarifications and linked resources not comprehensively reviewed.",shorts,0:52,2026-09-06,source_publication_or_creation_date,fully_read
ITEM-810f93b11deb,YouTube,How To Find Vulnerable Websites #ethicalhacking #coding,https://www.youtube.com/shorts/iOAstEBq8zA,,partially reviewed,Full available transcript read (auto-generated); page details inspected,NetBruter,"Visual demonstrations, creator-pinned clarifications and linked resources not comprehensively reviewed. Exact publication date not yet captured.",shorts,1:04,2026-09-06,unknown,fully_read
ITEM-29218fa2a55a,YouTube,How to use NMAP on your phone!!! #cybersecurity #coding,https://www.youtube.com/shorts/NtaGQZGe0k0,2025-10-17,partially reviewed,Full available transcript read (auto-generated); page details inspected,,"Visual demonstrations, creator-pinned clarifications and linked resources not comprehensively reviewed.",shorts,0:45,2026-09-06,source_publication_or_creation_date,fully_read
ITEM-22c62ff3187d,YouTube,How To Track The People on Your Network #computersecurity #hacking,https://www.youtube.com/shorts/MndfSrY2Jbk,,partially reviewed,Full available transcript read (auto-generated); page details inspected,Yoda,"Visual demonstrations, creator-pinned clarifications and linked resources not comprehensively reviewed. Exact publication date not yet captured.",shorts,0:35,2026-09-06,unknown,fully_read
ITEM-ea792bb0561d,YouTube,Hide your LAN traffic from your ISP! #tech #cybersecurity,https://www.youtube.com/shorts/5aPWfExgXiQ,2025-09-21,partially reviewed,Full available transcript read (auto-generated); page details inspected,,"Visual demonstrations, creator-pinned clarifications and linked resources not comprehensively reviewed.",shorts,1:11,2026-09-06,source_publication_or_creation_date,fully_read
ITEM-491ab041090c,YouTube,Marauder in Progress 🫡 #coding #cybersecuritycompany #networktool,https://www.youtube.com/shorts/EHgLC6-bnp8,,partially reviewed,Page or player details inspected; transcript export attempted,,No transcript obtained; complete playback/visual review remains. Missing transcript may require a later availability check.,shorts,0:25,2026-09-06,unknown,not_obtained
ITEM-faf8c9b8912c,YouTube,Kicking people off my network #coding  #cybersecurity,https://www.youtube.com/shorts/5WfUk_JYKEA,,partially reviewed,Full available transcript read (auto-generated); page details inspected,,"Visual demonstrations, creator-pinned clarifications and linked resources not comprehensively reviewed. Exact publication date not yet captured.",shorts,0:55,2026-09-06,unknown,fully_read
ITEM-89766c3a8986,YouTube,Website Vulnerability Scanner! #cybersecurity #coding,https://www.youtube.com/shorts/SAcSwnRha8I,2025-07-10,partially reviewed,Full available transcript read (auto-generated); page details inspected,NetVuln-2.0,"Visual demonstrations, creator-pinned clarifications and linked resources not comprehensively reviewed.",shorts,1:00,2026-09-06,source_publication_or_creation_date,fully_read
ITEM-cfe1b31ec0dd,YouTube,How to scan thousands of IP's in Seconds #cybersecurity #coding,https://www.youtube.com/shorts/ADjFTVMdUlw,,partially reviewed,Full available transcript read (auto-generated); page details inspected,,"Visual demonstrations, creator-pinned clarifications and linked resources not comprehensively reviewed. Exact publication date not yet captured.",shorts,0:24,2026-09-06,unknown,fully_read
ITEM-7fbae20bf1d0,YouTube,How I Made an ARP Scanner with Python #100daysofcodechallenge #programming,https://www.youtube.com/shorts/zwtFk178gNo,,partially reviewed,Full available transcript read (auto-generated); page details inspected,,"Visual demonstrations, creator-pinned clarifications and linked resources not comprehensively reviewed. Exact publication date not yet captured.",shorts,1:07,2026-09-06,unknown,fully_read
ITEM-0a3de4d0263c,YouTube,My Python Port Scanner (Still a Work in Progress) #coding   #programming,https://www.youtube.com/shorts/EnbQ0B-m_9g,2024-12-28,partially reviewed,Full available transcript read (auto-generated); page details inspected,NetVuln,"Visual demonstrations, creator-pinned clarifications and linked resources not comprehensively reviewed.",shorts,1:30,2026-09-06,source_publication_or_creation_date,fully_read
ITEM-cd9b09488558,YouTube,Automated Subdomain Lookup with Python #programming #coding,https://www.youtube.com/shorts/gjAGyOabyNc,,partially reviewed,Page or player details inspected; transcript export attempted,,No transcript obtained; complete playback/visual review remains. Missing transcript may require a later availability check.,shorts,0:35,2026-09-06,unknown,not_obtained
ITEM-63c77c0813fe,YouTube,Python Port Scanner in 60 Seconds!!! #programming #coding,https://www.youtube.com/shorts/ISCKlR7utmQ,,partially reviewed,Full available transcript read (auto-generated); page details inspected,,"Visual demonstrations, creator-pinned clarifications and linked resources not comprehensively reviewed. Exact publication date not yet captured.",shorts,0:45,2026-09-06,unknown,fully_read
ITEM-ff3266ec2f9d,YouTube,How to send a custom UDP Packet using Python! #100daysofcoding,https://www.youtube.com/shorts/zswfkeuffmg,,partially reviewed,Full available transcript read (auto-generated); page details inspected,,"Visual demonstrations, creator-pinned clarifications and linked resources not comprehensively reviewed. Exact publication date not yet captured.",shorts,0:38,2026-09-06,unknown,fully_read
ITEM-c63825c4b3cf,YouTube,How to Build a Speed Test Program in Python (Quick & Easy),https://www.youtube.com/shorts/bm49D7GdI1w,2024-12-05,partially reviewed,Full available transcript read (auto-generated); page details inspected,NetSpeed,"Visual demonstrations, creator-pinned clarifications and linked resources not comprehensively reviewed.",shorts,0:34,2026-09-06,source_publication_or_creation_date,fully_read
ITEM-819ddd26753a,YouTube,Studying Radio Frequencies!,https://www.youtube.com/watch?v=5Lu1LPKE-4k,2026-07-31,partially reviewed,"Transcript exported; selected technical passages read, including 3:28:16–3:28:50; page details inspected",,"Full transcript review, visuals, creator clarifications and linked resources remain.",streams,7:57:07,2026-09-06,source_publication_or_creation_date,exported_not_fully_read
ITEM-1a3baecd525d,YouTube,Studying RF/Wireless Hacking!,https://www.youtube.com/watch?v=aEd2eo3d-vo,2026-05-14,partially reviewed,Page or player details inspected; transcript export attempted,,No transcript obtained; complete playback/visual review remains. Missing transcript may require a later availability check.,streams,4:27:13,2026-09-06,source_publication_or_creation_date,not_obtained
ITEM-f610568e2de7,YouTube,Mass Control with AI,https://www.youtube.com/watch?v=gp1nGLHK53Q,,partially reviewed,Transcript exported but not fully read; page details inspected,,"Full transcript review, visuals, creator clarifications and linked resources remain.",streams,1:11:24,2026-09-06,unknown,exported_not_fully_read
ITEM-47a6711b72d0,YouTube,Explaining Wireless Hacking,https://www.youtube.com/watch?v=RG9VBvfAywI,,pending,Channel/playlist inventory metadata only,,Item-level review has not begun; transcript availability not established.,streams,"8 hours, 12 minutes",2026-09-06,unknown,not_obtained
ITEM-ac7dfdb6b57d,YouTube,Building an AI Pentesting Assistant Day 4,https://www.youtube.com/watch?v=O6e54kCfqno,2026-04-17,partially reviewed,Transcript exported but not fully read; page details inspected,,"Full transcript review, visuals, creator clarifications and linked resources remain.",streams,1:21:18,2026-09-06,source_publication_or_creation_date,exported_not_fully_read
ITEM-e954bb8d70f3,YouTube,Building an AI Pentesting Assistant Day 3,https://www.youtube.com/watch?v=LPBLmglRhCg,,pending,Channel/playlist inventory metadata only,,Item-level review has not begun; transcript availability not established.,streams,"1 hour, 28 minutes",2026-09-06,unknown,not_obtained
ITEM-fa8844859a17,YouTube,Building an AI Pentesting Assistant Day 3,https://www.youtube.com/watch?v=c-SlAMt00Fw,,partially reviewed,Transcript exported but not fully read; page details inspected,,"Full transcript review, visuals, creator clarifications and linked resources remain.",streams,24:13,2026-09-06,unknown,exported_not_fully_read
ITEM-b50f3ba5cf14,YouTube,Building an AI Pentesting Assistant Day 2,https://www.youtube.com/watch?v=GvzUOgH9Tn4,,partially reviewed,Transcript exported but not fully read; page details inspected,,"Full transcript review, visuals, creator clarifications and linked resources remain.",streams,4:24:15,2026-09-06,unknown,exported_not_fully_read
ITEM-6830c9df207b,YouTube,Building an AI Pentesting Assistant  Day 1,https://www.youtube.com/watch?v=s3cSgWwZYag,,partially reviewed,Transcript exported but not fully read; page details inspected,,"Full transcript review, visuals, creator clarifications and linked resources remain.",streams,3:06:29,2026-09-06,unknown,exported_not_fully_read
ITEM-804d8d17994c,YouTube,Making a Website Scanner Day 2,https://www.youtube.com/watch?v=CZ7hBfZNrlE,,pending,Channel/playlist inventory metadata only,,Item-level review has not begun; transcript availability not established.,streams,17 seconds,2026-09-06,unknown,not_obtained
ITEM-5410d423bd9f,YouTube,Making a Website Scanner Day 2,https://www.youtube.com/watch?v=dOXDfFmxxZw,,pending,Channel/playlist inventory metadata only,,Item-level review has not begun; transcript availability not established.,streams,"3 hours, 6 minutes",2026-09-06,unknown,not_obtained
ITEM-3314575966dd,YouTube,Making a Website Scanner Day 1,https://www.youtube.com/watch?v=nAnCWCY2b2Q,,pending,Channel/playlist inventory metadata only,,Item-level review has not begun; transcript availability not established.,streams,"6 hours, 37 minutes",2026-09-06,unknown,not_obtained
ITEM-48869c689d5b,YouTube,Building a WiFi Recon Tool,https://www.youtube.com/watch?v=jZzRaN4M94c,,pending,Channel/playlist inventory metadata only,,Item-level review has not begun; transcript availability not established.,streams,"4 hours, 30 minutes",2026-09-06,unknown,not_obtained
ITEM-b012c7dbb411,YouTube,Making a Intrusion Prevention System,https://www.youtube.com/watch?v=DpYw2UJbAsw,,pending,Channel/playlist inventory metadata only,,Item-level review has not begun; transcript availability not established.,streams,"1 hour, 44 minutes",2026-09-06,unknown,not_obtained
ITEM-8e9ab90e872d,YouTube,Ethical WiFi Hacking,https://www.youtube.com/watch?v=DHwE703hxT4,,pending,Channel/playlist inventory metadata only,,Item-level review has not begun; transcript availability not established.,streams,"3 hours, 47 minutes",2026-09-06,unknown,not_obtained
ITEM-bafbf982d8c4,YouTube,Making a Vulnerability Scanner Day 10,https://www.youtube.com/watch?v=aeP1YqO2JVg,,pending,Channel/playlist inventory metadata only,,Item-level review has not begun; transcript availability not established.,streams,"6 hours, 33 minutes",2026-09-06,unknown,not_obtained
ITEM-60c9878d5dc4,YouTube,Making a Vulnerability Scanner Day 9,https://www.youtube.com/watch?v=0zLtgOKcm38,,pending,Channel/playlist inventory metadata only,,Item-level review has not begun; transcript availability not established.,streams,"5 hours, 43 minutes",2026-09-06,unknown,not_obtained
ITEM-20a2a1bc55cc,YouTube,Making a Vulnerability Scanner Day 8,https://www.youtube.com/watch?v=mFF4GxQxYyI,,pending,Channel/playlist inventory metadata only,,Item-level review has not begun; transcript availability not established.,streams,"7 hours, 16 minutes",2026-09-06,unknown,not_obtained
ITEM-c19df9254c6d,YouTube,Making a Vulnerability Scanner Day 7,https://www.youtube.com/watch?v=47piaG_ri_o,,pending,Channel/playlist inventory metadata only,,Item-level review has not begun; transcript availability not established.,streams,"8 hours, 6 minutes",2026-09-06,unknown,not_obtained
ITEM-56fddeaf673c,YouTube,Making a Vulnerability Scanner Day 6,https://www.youtube.com/watch?v=prInJ53xZgI,,pending,Channel/playlist inventory metadata only,,Item-level review has not begun; transcript availability not established.,streams,"7 hours, 45 minutes",2026-09-06,unknown,not_obtained
ITEM-50d36ff815ad,YouTube,Making a Vulnerability Scanner Day 5,https://www.youtube.com/watch?v=f-61G5s7ELA,,pending,Channel/playlist inventory metadata only,,Item-level review has not begun; transcript availability not established.,streams,"4 hours, 54 minutes",2026-09-06,unknown,not_obtained
ITEM-db415105b257,YouTube,Making a Vulnerability Scanner Day 4,https://www.youtube.com/watch?v=sP-qtZp9SeA,,pending,Channel/playlist inventory metadata only,,Item-level review has not begun; transcript availability not established.,streams,"4 hours, 50 minutes",2026-09-06,unknown,not_obtained
ITEM-842e89f6e4cf,YouTube,Making a Vulnerability Scanner Day 3,https://www.youtube.com/watch?v=38bkXTQY-ZA,,pending,Channel/playlist inventory metadata only,,Item-level review has not begun; transcript availability not established.,streams,"4 hours, 11 minutes",2026-09-06,unknown,not_obtained
ITEM-8f558236fb9c,YouTube,Making a Vulnerability Scanner Day 2,https://www.youtube.com/watch?v=T3OViUAQGt4,,pending,Channel/playlist inventory metadata only,,Item-level review has not begun; transcript availability not established.,streams,"5 hours, 9 minutes",2026-09-06,unknown,not_obtained
ITEM-080f494f2048,YouTube,Making a Vulnerability Scanner Day 1,https://www.youtube.com/watch?v=ZTv2i-NzjUw,,pending,Channel/playlist inventory metadata only,,Item-level review has not begun; transcript availability not established.,streams,"5 hours, 21 minutes",2026-09-06,unknown,not_obtained
ITEM-e51f2584ea65,YouTube,12 Hours of Straight Programming,https://www.youtube.com/watch?v=O8-N9x3jQS4,,pending,Channel/playlist inventory metadata only,,Item-level review has not begun; transcript availability not established.,streams,"11 hours, 55 minutes",2026-09-06,unknown,not_obtained
ITEM-c765357986de,YouTube,Programming Streams,https://www.youtube.com/playlist?list=PLaYqr7U05czpNOFUTD0cNZL4OK_hnJGFW,,partially reviewed,"Playlist heading, counts, visible entries and links",,Visible videos deduplicated. Two playlist slots across Programming Streams and Python Projects are hidden/unavailable; their identities are unresolved.,playlist,,2026-09-06,unknown,not_applicable
ITEM-3ad9a2134d7b,YouTube,Certification Journey,https://www.youtube.com/playlist?list=PLaYqr7U05czrVbKG9ZM6zGM0HOznDErsA,,partially reviewed,"Playlist heading, counts, visible entries and links",,Visible videos deduplicated. Two playlist slots across Programming Streams and Python Projects are hidden/unavailable; their identities are unresolved.,playlist,,2026-09-06,unknown,not_applicable
ITEM-b5e59bf9ab5d,YouTube,Python Projects,https://www.youtube.com/playlist?list=PLaYqr7U05czrjkI4UWkN--sTkU5Fo3lUu,,partially reviewed,"Playlist heading, counts, visible entries and links",,Visible videos deduplicated. Two playlist slots across Programming Streams and Python Projects are hidden/unavailable; their identities are unresolved.,playlist,,2026-09-06,unknown,not_applicable
ITEM-154273bd3688,YouTube,My Python Learning Journey,https://www.youtube.com/playlist?list=PLaYqr7U05czoiEFOORprsoydmKK44ox5J,,partially reviewed,"Playlist heading, counts, visible entries and links",,Visible videos deduplicated. Two playlist slots across Programming Streams and Python Projects are hidden/unavailable; their identities are unresolved.,playlist,,2026-09-06,unknown,not_applicable
ITEM-5dff962be1f2,YouTube,Community post: thanks for livestream attendance,https://www.youtube.com/post/Ugkxw9HoipWKfQ9ELrk3w6bfXclOnlBrztdF,,partially reviewed,Full displayed creator text,,"Exact date, media and creator replies not fully reviewed; displayed as one year ago.",community post,,2026-09-06,unknown,not_applicable
ITEM-0ab843406b9a,YouTube,Community post: weekly-stream poll,https://www.youtube.com/post/UgkxWAOIV68eWyKJtiq8PjUSypJvAGQTknoK,,partially reviewed,Full displayed creator text,,"Exact date, media and creator replies not fully reviewed; displayed as one year ago.",community post,,2026-09-06,unknown,not_applicable
ITEM-37938334bf68,YouTube,Programming Streams: hidden unavailable slot,https://www.youtube.com/playlist?list=PLaYqr7U05czpNOFUTD0cNZL4OK_hnJGFW,,unavailable,Playlist unavailable-item notice,,Identity hidden; slots may or may not refer to distinct videos. Not counted among 82 unique video URLs.,unavailable playlist slot,,2026-09-06,unknown,not_applicable
ITEM-3655ad0ac519,YouTube,Python Projects: hidden unavailable slot,https://www.youtube.com/playlist?list=PLaYqr7U05czrjkI4UWkN--sTkU5Fo3lUu,,unavailable,Playlist unavailable-item notice,,Identity hidden; slots may or may not refer to distinct videos. Not counted among 82 unique video URLs.,unavailable playlist slot,,2026-09-06,unknown,not_applicable
ITEM-680b70be8a2c,Instagram,Dc6_-3pNg46,https://www.instagram.com/nsm_barii/reel/Dc6_-3pNg46/,2026-09-05,partially reviewed,Full displayed creator caption read; publication date from public preview,Unnamed drone detector,"Full reel playback, on-screen content and creator clarifications not reviewed.",reel,,2026-09-06,public_preview_date,not_applicable
ITEM-95ec6fbde607,Instagram,DcqkeCDhWU2,https://www.instagram.com/nsm_barii/reel/DcqkeCDhWU2/,2026-08-30,partially reviewed,Full displayed creator caption read; publication date from public preview,Unnamed vision program; third-party IR glasses,"Full reel playback, on-screen content and creator clarifications not reviewed.",reel,,2026-09-06,public_preview_date,not_applicable
ITEM-759b5c9a2d9e,Instagram,DbyuOtChwBf,https://www.instagram.com/nsm_barii/reel/DbyuOtChwBf/,2026-08-08,partially reviewed,Full displayed creator caption read; publication date from public preview,Yoda,"Full reel playback, on-screen content and creator clarifications not reviewed.",reel,,2026-09-06,public_preview_date,not_applicable
ITEM-3725516f8004,Instagram,DbQjeoOhBJh,https://www.instagram.com/nsm_barii/reel/DbQjeoOhBJh/,2026-07-26,partially reviewed,Full displayed creator caption read; publication date from public preview,BLE Shark sponsorship,"Full reel playback, on-screen content and creator clarifications not reviewed.",reel,,2026-09-06,public_preview_date,not_applicable
ITEM-1849354151d2,Instagram,Das31lvtT3Q,https://www.instagram.com/nsm_barii/reel/Das31lvtT3Q/,2026-07-12,partially reviewed,Full displayed creator caption read; publication date from public preview,Unnamed RF monitoring case,"Full reel playback, on-screen content and creator clarifications not reviewed.",reel,,2026-09-06,public_preview_date,not_applicable
ITEM-04dbca93207c,Instagram,DaF4brHtzVv,https://www.instagram.com/nsm_barii/reel/DaF4brHtzVv/,2026-06-27,partially reviewed,Full displayed creator caption read; publication date from public preview,Dooku,"Full reel playback, on-screen content and creator clarifications not reviewed.",reel,,2026-09-06,public_preview_date,not_applicable
ITEM-5cee36fb358b,Instagram,DZvbp4dSuSg,https://www.instagram.com/nsm_barii/reel/DZvbp4dSuSg/,2026-06-18,partially reviewed,Full displayed creator caption read; publication date from public preview,Dooku; flock-down,"Full reel playback, on-screen content and creator clarifications not reviewed.",reel,,2026-09-06,public_preview_date,not_applicable
ITEM-1386455fcf7f,Instagram,DZaKYCIB2Q9,https://www.instagram.com/nsm_barii/reel/DZaKYCIB2Q9/,2026-06-10,partially reviewed,Full displayed creator caption read; publication date from public preview,Ezra,"Full reel playback, on-screen content and creator clarifications not reviewed.",reel,,2026-09-06,public_preview_date,not_applicable
ITEM-d5b63c39fa14,Instagram,DYqNevZPFyp,https://www.instagram.com/nsm_barii/reel/DYqNevZPFyp/,2026-05-22,partially reviewed,Full displayed creator caption read; publication date from public preview,Dooku / war-rig,"Full reel playback, on-screen content and creator clarifications not reviewed.",reel,,2026-09-06,public_preview_date,not_applicable
ITEM-eca47fbc08a4,Instagram,DYf6qx3Pgyc,https://www.instagram.com/nsm_barii/reel/DYf6qx3Pgyc/,2026-05-18,partially reviewed,Full displayed creator caption read; publication date from public preview,Yoda,"Full reel playback, on-screen content and creator clarifications not reviewed.",reel,,2026-09-06,public_preview_date,not_applicable
ITEM-05a4a922f926,Instagram,DYKZUpOtVOf,https://www.instagram.com/nsm_barii/reel/DYKZUpOtVOf/,,partially reviewed,Full displayed creator caption read; relative date only,framework,"Full reel playback, on-screen content and creator clarifications not reviewed. Exact publication date unresolved.",reel,,2026-09-06,unknown,not_applicable
ITEM-1270c09e449c,Instagram,DXzHL_YB6aT,https://www.instagram.com/nsm_barii/reel/DXzHL_YB6aT/,,partially reviewed,Full displayed creator caption read; relative date only,flock-back,"Full reel playback, on-screen content and creator clarifications not reviewed. Exact publication date unresolved.",reel,,2026-09-06,unknown,not_applicable
ITEM-84d823f00c59,Instagram,Profile and older archive,https://www.instagram.com/nsm_barii/,,partially reviewed,Public profile and 12 visible reel links; Chrome session checked,,Signed out; Show more posts prompts login. Older archive and two visible highlight collections not reviewed.,profile,,2026-09-06,unknown,not_applicable
ITEM-3e49bf4764b4,Instagram,Board highlight,https://www.instagram.com/stories/highlights/18120124351805778/,,pending,Profile link only,,Highlight media not opened; signed-out access may restrict it.,highlight,,2026-09-06,unknown,not_applicable
ITEM-7eb15b0fb4d6,Instagram,Game-icon highlight,https://www.instagram.com/stories/highlights/18152695426415278/,,pending,Profile link only,,Highlight media not opened; signed-out access may restrict it.,highlight,,2026-09-06,unknown,not_applicable
ITEM-9da4a2be074d,Discord,No Stopping Us — verified invite,https://discord.gg/bdmaGwTRNr,,partially reviewed,Invite names NSM Barii (nsm_barii) and No Stopping Us,,Accept Invite offered; no joining authorized. Existing Discord navigation failed; zero project channels or messages reviewed.,server access,,2026-09-06,unknown,not_applicable
ITEM-9e9811e5ebc0,Website,NSM Barii portfolio,https://nsmbarii.com/,,partially reviewed,Published page sections and outbound project/profile links,,Linked media and all historical revisions not exhausted; summaries may lag repositories.,website,,2026-09-06,unknown,not_applicable
ITEM-c1e33e6e34fa,Reference,BLE Shark product link,https://infishark.tech/nsm-barii,,pending,Creator caption outbound link discovered,,Destination not reviewed; brand association or invite destination not independently established.,linked resource,,2026-09-06,unknown,not_applicable
ITEM-a443809ade02,Reference,IR glasses brand profile,https://www.instagram.com/vaydrsunglasses/,,pending,Creator caption outbound link discovered,,Destination not reviewed; brand association or invite destination not independently established.,linked resource,,2026-09-06,unknown,not_applicable
ITEM-0accc44c863b,Reference,Alternate Discord invite from Ezra caption,https://discord.gg/CbPrK9M5Z,,pending,Creator caption outbound link discovered,,Destination not reviewed; brand association or invite destination not independently established.,linked resource,,2026-09-06,unknown,not_applicable
ITEM-485a2c00e616,GitHub,Bluehound #1: Web testing,https://github.com/NSM-Barii/Bluehound/pull/1,2026-01-30,partially reviewed,"Issue/PR title, body and status; available comments; PR merge metadata checked",Bluehound,Proposed technical fixes were not executed; full diff not reviewed.,pull request,,2026-09-06,source_publication_or_creation_date,not_applicable
ITEM-1936eabdc8d0,GitHub,flock-back #5: My change,https://github.com/NSM-Barii/flock-back/pull/5,2026-08-18,partially reviewed,"Issue/PR title, body and status; available comments; PR merge metadata checked",flock-back,Proposed technical fixes were not executed; full diff not reviewed.,pull request,,2026-09-06,source_publication_or_creation_date,not_applicable
ITEM-88c78172304f,GitHub,flock-back #3: New Findings Via Wigle,https://github.com/NSM-Barii/flock-back/issues/3,2026-05-18,partially reviewed,"Issue/PR title, body and status; available comments; PR merge metadata checked",flock-back,Proposed technical fixes were not executed; full diff not reviewed.,issue,,2026-09-06,source_publication_or_creation_date,not_applicable
ITEM-7e0b1f14420a,GitHub,Maul #3: Refactor main.py entry point,https://github.com/NSM-Barii/Maul/pull/3,2026-03-22,partially reviewed,"Issue/PR title, body and status; available comments; PR merge metadata checked",Maul,Proposed technical fixes were not executed; full diff not reviewed.,pull request,,2026-09-06,source_publication_or_creation_date,not_applicable
ITEM-1d8a8df80624,GitHub,Maul #2: Refactor: fix critical bugs + code quality improvements (#1),https://github.com/NSM-Barii/Maul/pull/2,2026-03-19,partially reviewed,"Issue/PR title, body and status; available comments; PR merge metadata checked",Maul,Proposed technical fixes were not executed; full diff not reviewed.,pull request,,2026-09-06,source_publication_or_creation_date,not_applicable
ITEM-8c3533212ca9,GitHub,Maul #1: Refactor: fix critical bugs + code quality improvements,https://github.com/NSM-Barii/Maul/pull/1,2026-03-19,partially reviewed,"Issue/PR title, body and status; available comments; PR merge metadata checked",Maul,Proposed technical fixes were not executed; full diff not reviewed.,pull request,,2026-09-06,source_publication_or_creation_date,not_applicable
ITEM-b5d73526c713,GitHub,NetAlert-2.0 #1: Discord link in ur bio is invalid,https://github.com/NSM-Barii/NetAlert-2.0/issues/1,2025-05-17,partially reviewed,"Issue/PR title, body and status; available comments; PR merge metadata checked",NetAlert-2.0,Proposed technical fixes were not executed; full diff not reviewed.,issue,,2026-09-06,source_publication_or_creation_date,not_applicable
ITEM-7732fc400cac,GitHub,"NetCracker #1: Refactor: Fix critical bugs, security issues, and code quality",https://github.com/NSM-Barii/NetCracker/pull/1,2026-03-19,partially reviewed,"Issue/PR title, body and status; available comments; PR merge metadata checked",NetCracker,Proposed technical fixes were not executed; full diff not reviewed.,pull request,,2026-09-06,source_publication_or_creation_date,not_applicable
ITEM-566762bfd2a3,GitHub,Vader #2: Refactor main.py entry point,https://github.com/NSM-Barii/Vader/pull/2,2026-03-22,partially reviewed,"Issue/PR title, body and status; available comments; PR merge metadata checked",Vader,Proposed technical fixes were not executed; full diff not reviewed.,pull request,,2026-09-06,source_publication_or_creation_date,not_applicable
ITEM-c6097fdaf5f4,GitHub,"Vader #1: Fix bugs, improve performance, and clean up dead code",https://github.com/NSM-Barii/Vader/pull/1,2026-03-19,partially reviewed,"Issue/PR title, body and status; available comments; PR merge metadata checked",Vader,Proposed technical fixes were not executed; full diff not reviewed.,pull request,,2026-09-06,source_publication_or_creation_date,not_applicable
ITEM-5af0fc946298,GitHub,flock-back v3.0,https://github.com/NSM-Barii/flock-back/releases/tag/v3.0,2026-06-01,partially reviewed,"Release date, tag and published notes",flock-back,Release binaries not run; absent notes do not prove absent changes.,release,,2026-09-06,source_publication_or_creation_date,not_applicable
ITEM-34a186571f88,GitHub,flock-back v2.0,https://github.com/NSM-Barii/flock-back/releases/tag/v2.0,2026-05-01,partially reviewed,"Release date, tag and published notes",flock-back,Release binaries not run; absent notes do not prove absent changes.,release,,2026-09-06,source_publication_or_creation_date,not_applicable
ITEM-c21499b3c82f,GitHub,flock-back v1.1,https://github.com/NSM-Barii/flock-back/releases/tag/v1.1,2026-04-24,partially reviewed,"Release date, tag and published notes",flock-back,Release binaries not run; absent notes do not prove absent changes.,release,,2026-09-06,source_publication_or_creation_date,not_applicable
ITEM-6b141bac61c9,GitHub,flock-back v1.0.2,https://github.com/NSM-Barii/flock-back/releases/tag/v1.0.2,2026-03-27,partially reviewed,"Release date, tag and published notes",flock-back,Release binaries not run; absent notes do not prove absent changes.,release,,2026-09-06,source_publication_or_creation_date,not_applicable
ITEM-3495261de1fa,GitHub,flock-back v1.0.0,https://github.com/NSM-Barii/flock-back/releases/tag/v1.0.0,2026-03-27,partially reviewed,"Release date, tag and published notes",flock-back,Release binaries not run; absent notes do not prove absent changes.,release,,2026-09-06,source_publication_or_creation_date,not_applicable
ITEM-6184d40e6dc8,GitHub,flock-down v1.0,https://github.com/NSM-Barii/flock-down/releases/tag/v1.0,2026-06-22,partially reviewed,"Release date, tag and published notes",flock-down,Release binaries not run; absent notes do not prove absent changes.,release,,2026-09-06,source_publication_or_creation_date,not_applicable
ITEM-ce2fb921c5a1,GitHub,Yoda v3.0.0,https://github.com/NSM-Barii/Yoda/releases/tag/v3.0.0,2025-08-16,partially reviewed,"Release date, tag and published notes",Yoda,Release binaries not run; absent notes do not prove absent changes.,release,,2026-09-06,source_publication_or_creation_date,not_applicable
ITEM-a2b428b60cdb,Reference,CVE-2025-15474 official record,https://github.com/CVEProject/cvelistV5/blob/main/cves/2025/15xxx/CVE-2025-15474.json,,partially reviewed,Full official JSON record,,Relevant portions reviewed; not an exhaustive review of linked sources.,primary reference,,2026-09-06,unknown,not_applicable
ITEM-5049482a8059,Reference,VulnCheck assigning-authority advisory,https://www.vulncheck.com/advisories/auntyfey-smart-combination-lock-ble-connection-flood-dos,,partially reviewed,Published advisory and credit,,Relevant portions reviewed; not an exhaustive review of linked sources.,primary reference,,2026-09-06,unknown,not_applicable
ITEM-c3d20ce29ae0,Reference,Bluetooth SIG technology overview,https://www.bluetooth.com/learn-about-bluetooth/tech-overview/,,partially reviewed,Radio channel and positioning specification summary,,Relevant portions reviewed; not an exhaustive review of linked sources.,primary reference,,2026-09-06,unknown,not_applicable
ITEM-6191a4f7fcce,Reference,Apple Wi-Fi router guidance,https://support.apple.com/en-us/102766,,partially reviewed,Hidden-network and MAC-filter limitations,,Relevant portions reviewed; not an exhaustive review of linked sources.,primary reference,,2026-09-06,unknown,not_applicable
ITEM-7ef6bca428a1,Reference,Yoda-Jr upstream provenance,https://github.com/SAGAR-TAMANG/friday-tony-stark-demo,,partially reviewed,GitHub parent/source metadata and fork README; upstream contribution diff not assessed,,Relevant portions reviewed; not an exhaustive review of linked sources.,primary reference,,2026-09-06,unknown,not_applicable
ITEM-4180bce3d29b,Reference,Yoda: Yoda is explicitly renamed NetAlert-3.0,https://github.com/NSM-Barii/Yoda/blob/main/_archive/README.md,,partially reviewed,Archived README,Yoda,Specific cited evidence reviewed; full resource and linked history not exhausted.,primary reference,,2026-09-06,unknown,not_applicable
ITEM-1da7f22f0c9d,Reference,Yoda: Yoda source shows applied CLI overrides and opt-in notifications,https://github.com/NSM-Barii/Yoda/blob/main/src/main.py,,partially reviewed,CLI override block; src/nsm_vars.py,Yoda,Specific cited evidence reviewed; full resource and linked history not exhausted.,primary reference,,2026-09-06,unknown,not_applicable
ITEM-4d071691ad49,Reference,Yoda; Bluehound: Yoda source acknowledges Bluehound lineage,https://github.com/NSM-Barii/Yoda/blob/main/src/nsm_monitor.py,,partially reviewed,Bluetooth class comment and Wi-Fi wrapper,Yoda; Bluehound,Specific cited evidence reviewed; full resource and linked history not exhausted.,primary reference,,2026-09-06,unknown,not_applicable
ITEM-5eabba0b40f7,Reference,Dooku: war-rig resolves to Dooku,https://github.com/NSM-Barii/war-rig,,partially reviewed,HTTP redirect and destination repository,Dooku,Specific cited evidence reviewed; full resource and linked history not exhausted.,primary reference,,2026-09-06,unknown,not_applicable
ITEM-94bcc3135f28,Reference,Dooku: Dooku bill of materials reports $516.58,https://github.com/NSM-Barii/Dooku/blob/main/materials/README.md,,partially reviewed,Materials total,Dooku,Specific cited evidence reviewed; full resource and linked history not exhausted.,primary reference,,2026-09-06,unknown,not_applicable
